,elbo
0,-2903628288.0
1,-2903522560.0
2,-2903676672.0
3,-2903749632.0
4,-2903335680.0
5,-2903056640.0
6,-2903579392.0
7,-2903603968.0
8,-2903236096.0
9,-2903078656.0
10,-2902866688.0
11,-2903378432.0
12,-2903303424.0
13,-2903357440.0
14,-2903794176.0
15,-2903564288.0
16,-2903313664.0
17,-2903530752.0
18,-2903159552.0
19,-2903047424.0
20,-2903089152.0
21,-2903436032.0
22,-2903102464.0
23,-2902881024.0
24,-2902768896.0
25,-2902967296.0
26,-2902797824.0
27,-2902836736.0
28,-2902835456.0
29,-2903164672.0
30,-2903269376.0
31,-2902925824.0
32,-2902789376.0
33,-2902984704.0
34,-2902870528.0
35,-2902749440.0
36,-2902679296.0
37,-2902909952.0
38,-2902814976.0
39,-2902778624.0
40,-2902797056.0
41,-2902611712.0
42,-2902365952.0
43,-2902224384.0
44,-2901792768.0
45,-2902242816.0
46,-2902262272.0
47,-2902380544.0
48,-2902032896.0
49,-2901382912.0
50,-2902020352.0
51,-2900954368.0
52,-2901440768.0
53,-2901443584.0
54,-2900370688.0
55,-2901309696.0
56,-2900954112.0
57,-2899837952.0
58,-2900210688.0
59,-2899350272.0
60,-2899039232.0
61,-2900504064.0
62,-2899004160.0
63,-2898244864.0
64,-2897870592.0
65,-2898509056.0
66,-2898077184.0
67,-2897400832.0
68,-2898528256.0
69,-2896682752.0
70,-2895919104.0
71,-2893850880.0
72,-2894933248.0
73,-2895766784.0
74,-2893152000.0
75,-2895161344.0
76,-2891812352.0
77,-2891380736.0
78,-2887529216.0
79,-2889765632.0
80,-2892347136.0
81,-2885838848.0
82,-2884375040.0
83,-2886747904.0
84,-2884738048.0
85,-2883386368.0
86,-2884660224.0
87,-2883183104.0
88,-2881325312.0
89,-2880438784.0
90,-2878335744.0
91,-2877472768.0
92,-2876660736.0
93,-2876553728.0
94,-2871865600.0
95,-2873564416.0
96,-2872559616.0
97,-2873372928.0
98,-2865925120.0
99,-2867979776.0
100,-2861894400.0
101,-2861234176.0
102,-2864521728.0
103,-2859623168.0
104,-2854270720.0
105,-2855843840.0
106,-2857784576.0
107,-2850656000.0
108,-2850508032.0
109,-2844645120.0
110,-2845561856.0
111,-2845312256.0
112,-2844748800.0
113,-2838242560.0
114,-2840278528.0
115,-2832484864.0
116,-2839584256.0
117,-2828102400.0
118,-2835567360.0
119,-2829173248.0
120,-2825067264.0
121,-2820062720.0
122,-2818448896.0
123,-2823038464.0
124,-2818676224.0
125,-2814464256.0
126,-2814255872.0
127,-2808847872.0
128,-2805209856.0
129,-2808634880.0
130,-2798753024.0
131,-2793692416.0
132,-2797421312.0
133,-2795301632.0
134,-2789827584.0
135,-2788294144.0
136,-2786394880.0
137,-2774486272.0
138,-2779857664.0
139,-2769988352.0
140,-2768046592.0
141,-2772136192.0
142,-2773965312.0
143,-2762499840.0
144,-2768150016.0
145,-2758992896.0
146,-2755100928.0
147,-2754046208.0
148,-2749632768.0
149,-2746449920.0
150,-2746649856.0
151,-2740410880.0
152,-2736175104.0
153,-2738271488.0
154,-2723052032.0
155,-2727715840.0
156,-2727990528.0
157,-2727066624.0
158,-2724144384.0
159,-2721466112.0
160,-2717708544.0
161,-2713583360.0
162,-2709317632.0
163,-2695585792.0
164,-2705249792.0
165,-2689384448.0
166,-2693308672.0
167,-2684432384.0
168,-2689446144.0
169,-2678169088.0
170,-2682743808.0
171,-2672379904.0
172,-2669083648.0
173,-2672696064.0
174,-2663522816.0
175,-2662120448.0
176,-2664178944.0
177,-2665062656.0
178,-2652790528.0
179,-2641571584.0
180,-2649293312.0
181,-2641082112.0
182,-2632806144.0
183,-2630587136.0
184,-2623755520.0
185,-2620207616.0
186,-2622070528.0
187,-2623087104.0
188,-2624183552.0
189,-2618726144.0
190,-2610883072.0
191,-2612942848.0
192,-2601622528.0
193,-2612055296.0
194,-2588637440.0
195,-2592759808.0
196,-2582554112.0
197,-2582310144.0
198,-2579954432.0
199,-2577093376.0
200,-2577143808.0
201,-2559985152.0
202,-2554413568.0
203,-2549656320.0
204,-2552258048.0
205,-2554394880.0
206,-2542481152.0
207,-2543385344.0
208,-2537790208.0
209,-2538862848.0
210,-2537200640.0
211,-2539281408.0
212,-2519625984.0
213,-2518477312.0
214,-2518022144.0
215,-2524479744.0
216,-2501362944.0
217,-2512546048.0
218,-2503996160.0
219,-2496751360.0
220,-2491701248.0
221,-2496086016.0
222,-2481170432.0
223,-2484318720.0
224,-2472936960.0
225,-2481962496.0
226,-2487975680.0
227,-2472389120.0
228,-2463085568.0
229,-2463427840.0
230,-2454756352.0
231,-2462431488.0
232,-2450944000.0
233,-2432777216.0
234,-2451167744.0
235,-2436170496.0
236,-2434438912.0
237,-2417268736.0
238,-2425746688.0
239,-2423781632.0
240,-2415503872.0
241,-2406007552.0
242,-2407846400.0
243,-2394412288.0
244,-2405625856.0
245,-2403238656.0
246,-2397021952.0
247,-2396595712.0
248,-2386311424.0
249,-2374119168.0
250,-2375463936.0
251,-2378629120.0
252,-2366501888.0
253,-2371386112.0
254,-2363676928.0
255,-2368610304.0
256,-2360167936.0
257,-2347986176.0
258,-2348030720.0
259,-2343139072.0
260,-2335455488.0
261,-2329018112.0
262,-2331153152.0
263,-2332320256.0
264,-2323701504.0
265,-2329824768.0
266,-2310580480.0
267,-2315273472.0
268,-2318688000.0
269,-2296359936.0
270,-2311115008.0
271,-2310658560.0
272,-2293952768.0
273,-2291937024.0
274,-2284721152.0
275,-2283096576.0
276,-2275916032.0
277,-2277924096.0
278,-2274657280.0
279,-2263562752.0
280,-2281219584.0
281,-2275925760.0
282,-2263865344.0
283,-2262800128.0
284,-2261668352.0
285,-2245344512.0
286,-2233355520.0
287,-2240708864.0
288,-2233444096.0
289,-2229595648.0
290,-2224255232.0
291,-2235133952.0
292,-2227234048.0
293,-2212559104.0
294,-2214121728.0
295,-2212999680.0
296,-2225233152.0
297,-2209371904.0
298,-2213747712.0
299,-2196338688.0
300,-2190050304.0
301,-2193453568.0
302,-2180298240.0
303,-2188416000.0
304,-2188088320.0
305,-2196140544.0
306,-2180354816.0
307,-2169812992.0
308,-2164129024.0
309,-2158159616.0
310,-2163784960.0
311,-2156939520.0
312,-2155356416.0
313,-2164057344.0
314,-2156615680.0
315,-2135150720.0
316,-2142000896.0
317,-2133094016.0
318,-2123729280.0
319,-2119299072.0
320,-2132861952.0
321,-2125534080.0
322,-2115464064.0
323,-2110192256.0
324,-2111079168.0
325,-2108756096.0
326,-2108926720.0
327,-2111494784.0
328,-2105124352.0
329,-2091738624.0
330,-2090937344.0
331,-2097162624.0
332,-2092045056.0
333,-2099434112.0
334,-2075436288.0
335,-2085625728.0
336,-2080145920.0
337,-2088066688.0
338,-2069808000.0
339,-2070111360.0
340,-2069937408.0
341,-2049188352.0
342,-2063674752.0
343,-2054804992.0
344,-2061511424.0
345,-2053188736.0
346,-2043114624.0
347,-2046304768.0
348,-2030672768.0
349,-2033531648.0
350,-2036814208.0
351,-2026052224.0
352,-2040031360.0
353,-2038696960.0
354,-2023923840.0
355,-2017656704.0
356,-2017805056.0
357,-2014696320.0
358,-2005308928.0
359,-2017298304.0
360,-2003249536.0
361,-2009545984.0
362,-2003652224.0
363,-1999878528.0
364,-1994343552.0
365,-2008595328.0
366,-1990324480.0
367,-1988009216.0
368,-1993581056.0
369,-1993279872.0
370,-1975858304.0
371,-1985750656.0
372,-1986445056.0
373,-1975361792.0
374,-1971147520.0
375,-1965540480.0
376,-1978388224.0
377,-1972872832.0
378,-1958227072.0
379,-1953553536.0
380,-1962708608.0
381,-1961096576.0
382,-1958644992.0
383,-1955706880.0
384,-1948785024.0
385,-1939716736.0
386,-1943055744.0
387,-1945189504.0
388,-1931423488.0
389,-1938145280.0
390,-1935843968.0
391,-1945709440.0
392,-1938812800.0
393,-1923962240.0
394,-1935979136.0
395,-1928611456.0
396,-1922472064.0
397,-1914605056.0
398,-1935981056.0
399,-1909623936.0
400,-1916633472.0
401,-1909933568.0
402,-1901473024.0
403,-1904297088.0
404,-1897036160.0
405,-1900840832.0
406,-1903408768.0
407,-1887990144.0
408,-1892236160.0
409,-1899822720.0
410,-1888651648.0
411,-1900894080.0
412,-1888394368.0
413,-1877118208.0
414,-1890940544.0
415,-1882563968.0
416,-1876344320.0
417,-1880323456.0
418,-1873166336.0
419,-1868882048.0
420,-1876625024.0
421,-1871416192.0
422,-1872801536.0
423,-1860370688.0
424,-1870138624.0
425,-1873271680.0
426,-1852182528.0
427,-1863301120.0
428,-1865015808.0
429,-1855356416.0
430,-1855236224.0
431,-1854888704.0
432,-1845703040.0
433,-1848633600.0
434,-1855392384.0
435,-1838757120.0
436,-1844926592.0
437,-1835835648.0
438,-1838723712.0
439,-1843566336.0
440,-1838124416.0
441,-1832643968.0
442,-1839537024.0
443,-1829044096.0
444,-1842247808.0
445,-1819347968.0
446,-1826869504.0
447,-1822055552.0
448,-1820598784.0
449,-1817727232.0
450,-1821445248.0
451,-1810322304.0
452,-1817831552.0
453,-1811279104.0
454,-1805233152.0
455,-1804078720.0
456,-1812218880.0
457,-1795144192.0
458,-1807438464.0
459,-1804714752.0
460,-1792286208.0
461,-1804635904.0
462,-1811033088.0
463,-1811004672.0
464,-1796949248.0
465,-1806936064.0
466,-1798131584.0
467,-1784845312.0
468,-1804028544.0
469,-1786887808.0
470,-1788711552.0
471,-1795924352.0
472,-1791255936.0
473,-1786402048.0
474,-1790223744.0
475,-1784607616.0
476,-1783391232.0
477,-1779735424.0
478,-1773921920.0
479,-1777131008.0
480,-1778915712.0
481,-1776156288.0
482,-1768983296.0
483,-1766232320.0
484,-1767712512.0
485,-1766068736.0
486,-1763730560.0
487,-1765085440.0
488,-1766108800.0
489,-1764100352.0
490,-1759926528.0
491,-1758973696.0
492,-1753218432.0
493,-1763634560.0
494,-1748791808.0
495,-1754886528.0
496,-1758722048.0
497,-1762701568.0
498,-1753793664.0
499,-1748109568.0
500,-1749117440.0
501,-1741310848.0
502,-1744320768.0
503,-1755176320.0
504,-1749456000.0
505,-1745541888.0
506,-1742816640.0
507,-1744002560.0
508,-1741394944.0
509,-1745254528.0
510,-1736428032.0
511,-1734057088.0
512,-1736568704.0
513,-1740850688.0
514,-1733583104.0
515,-1724726912.0
516,-1734320256.0
517,-1735804288.0
518,-1735529216.0
519,-1730154240.0
520,-1722870272.0
521,-1732778880.0
522,-1732306432.0
523,-1720888832.0
524,-1725294976.0
525,-1733322240.0
526,-1719462272.0
527,-1720088448.0
528,-1726898432.0
529,-1719193728.0
530,-1716909952.0
531,-1722992000.0
532,-1719453312.0
533,-1712271104.0
534,-1714418304.0
535,-1714734592.0
536,-1717352960.0
537,-1717611008.0
538,-1712285568.0
539,-1712838912.0
540,-1715751424.0
541,-1712372608.0
542,-1703258112.0
543,-1710185728.0
544,-1707188992.0
545,-1710620928.0
546,-1706675328.0
547,-1705785600.0
548,-1705372928.0
549,-1702055168.0
550,-1696856704.0
551,-1705226112.0
552,-1707163776.0
553,-1702892544.0
554,-1709315328.0
555,-1704301824.0
556,-1703365376.0
557,-1692869888.0
558,-1695528192.0
559,-1698970624.0
560,-1695335168.0
561,-1693115136.0
562,-1689825536.0
563,-1684047616.0
564,-1695535488.0
565,-1692383744.0
566,-1689790720.0
567,-1681891072.0
568,-1685289472.0
569,-1686343168.0
570,-1685054464.0
571,-1686146432.0
572,-1689895936.0
573,-1683714688.0
574,-1680091904.0
575,-1686353792.0
576,-1682746880.0
577,-1686538752.0
578,-1685227648.0
579,-1680130304.0
580,-1679522176.0
581,-1681257472.0
582,-1674844416.0
583,-1679296896.0
584,-1676612480.0
585,-1672913664.0
586,-1675747584.0
587,-1666740864.0
588,-1678338944.0
589,-1673328768.0
590,-1675478528.0
591,-1674065024.0
592,-1670716928.0
593,-1668952832.0
594,-1673300480.0
595,-1671076864.0
596,-1667826432.0
597,-1668938880.0
598,-1668103040.0
599,-1663494912.0
600,-1668244352.0
601,-1666819200.0
602,-1669161856.0
603,-1670370944.0
604,-1667172736.0
605,-1658968832.0
606,-1667070848.0
607,-1667185792.0
608,-1664830080.0
609,-1664772992.0
610,-1659022208.0
611,-1659269120.0
612,-1663148160.0
613,-1664733184.0
614,-1665622016.0
615,-1666331136.0
616,-1660445056.0
617,-1658007040.0
618,-1664018560.0
619,-1655080960.0
620,-1656673408.0
621,-1658652544.0
622,-1656193408.0
623,-1656046464.0
624,-1662292352.0
625,-1653462016.0
626,-1652533120.0
627,-1650661760.0
628,-1653387776.0
629,-1654916736.0
630,-1653931904.0
631,-1651399168.0
632,-1651512448.0
633,-1649193344.0
634,-1644786304.0
635,-1651217408.0
636,-1655432064.0
637,-1647313664.0
638,-1647843200.0
639,-1648649984.0
640,-1647229184.0
641,-1646234496.0
642,-1645393408.0
643,-1650599040.0
644,-1645304448.0
645,-1644802432.0
646,-1644887168.0
647,-1644256384.0
648,-1644282240.0
649,-1644552064.0
650,-1639142400.0
651,-1641063296.0
652,-1638884352.0
653,-1639558912.0
654,-1644822912.0
655,-1642819456.0
656,-1639848576.0
657,-1642412544.0
658,-1638334848.0
659,-1642702464.0
660,-1640652160.0
661,-1636108160.0
662,-1640001024.0
663,-1638340352.0
664,-1634466304.0
665,-1636821888.0
666,-1637310720.0
667,-1636609152.0
668,-1634822656.0
669,-1637935232.0
670,-1635422592.0
671,-1634154112.0
672,-1638044160.0
673,-1636186880.0
674,-1632655360.0
675,-1636916992.0
676,-1637350144.0
677,-1637625984.0
678,-1631255808.0
679,-1633333632.0
680,-1630396800.0
681,-1633502848.0
682,-1632145792.0
683,-1628012800.0
684,-1632816512.0
685,-1629513472.0
686,-1632012800.0
687,-1630601856.0
688,-1628230144.0
689,-1630278272.0
690,-1628185856.0
691,-1629879808.0
692,-1629246080.0
693,-1628877184.0
694,-1633579008.0
695,-1626923904.0
696,-1629465216.0
697,-1629482624.0
698,-1627126784.0
699,-1624982144.0
700,-1626277888.0
701,-1627859456.0
702,-1626990720.0
703,-1626534784.0
704,-1625741696.0
705,-1621842304.0
706,-1622993920.0
707,-1624082816.0
708,-1624903936.0
709,-1623140992.0
710,-1621060352.0
711,-1621887872.0
712,-1622620672.0
713,-1623325312.0
714,-1625710592.0
715,-1620073600.0
716,-1620343680.0
717,-1619669376.0
718,-1623110144.0
719,-1623677568.0
720,-1618584960.0
721,-1623500032.0
722,-1622130432.0
723,-1621773312.0
724,-1622220288.0
725,-1620050304.0
726,-1619668480.0
727,-1621865216.0
728,-1615954048.0
729,-1620563328.0
730,-1620680704.0
731,-1617204736.0
732,-1621790976.0
733,-1619243776.0
734,-1618307072.0
735,-1620382720.0
736,-1617896448.0
737,-1617184256.0
738,-1615267456.0
739,-1617192320.0
740,-1614619904.0
741,-1616442496.0
742,-1615691008.0
743,-1619692672.0
744,-1615139584.0
745,-1613601024.0
746,-1613549440.0
747,-1616260736.0
748,-1614753536.0
749,-1612797312.0
750,-1617473920.0
751,-1613912448.0
752,-1614352512.0
753,-1612620288.0
754,-1614893696.0
755,-1611643648.0
756,-1612314624.0
757,-1614893312.0
758,-1614058240.0
759,-1613042944.0
760,-1612454272.0
761,-1614491392.0
762,-1612921472.0
763,-1612695680.0
764,-1612629632.0
765,-1611201024.0
766,-1609099392.0
767,-1609685120.0
768,-1610084608.0
769,-1612792960.0
770,-1610971904.0
771,-1609051264.0
772,-1608980224.0
773,-1609428352.0
774,-1609041280.0
775,-1611836672.0
776,-1610003456.0
777,-1610452992.0
778,-1606507264.0
779,-1609252480.0
780,-1610759424.0
781,-1610136576.0
782,-1611984512.0
783,-1607454848.0
784,-1606837376.0
785,-1609266944.0
786,-1610579200.0
787,-1608251776.0
788,-1606047616.0
789,-1610766336.0
790,-1605965440.0
791,-1608883712.0
792,-1603243904.0
793,-1608096640.0
794,-1606502400.0
795,-1604835200.0
796,-1608174208.0
797,-1606214272.0
798,-1604391040.0
799,-1606704640.0
800,-1606040960.0
801,-1606380160.0
802,-1608079872.0
803,-1606040064.0
804,-1606023808.0
805,-1604895488.0
806,-1604537984.0
807,-1603787904.0
808,-1610365312.0
809,-1605635072.0
810,-1604742912.0
811,-1604876672.0
812,-1605869568.0
813,-1602558976.0
814,-1603733504.0
815,-1606778880.0
816,-1602298240.0
817,-1603348480.0
818,-1603719808.0
819,-1605081856.0
820,-1602109952.0
821,-1603507456.0
822,-1601221632.0
823,-1601502848.0
824,-1602820480.0
825,-1601890304.0
826,-1603851776.0
827,-1602823040.0
828,-1602899712.0
829,-1604602624.0
830,-1601937280.0
831,-1600677760.0
832,-1601999488.0
833,-1600380928.0
834,-1602927232.0
835,-1603988608.0
836,-1602562560.0
837,-1600130304.0
838,-1600644096.0
839,-1601264256.0
840,-1600790912.0
841,-1604563200.0
842,-1598389760.0
843,-1600849024.0
844,-1599094528.0
845,-1599641088.0
846,-1599448960.0
847,-1600487680.0
848,-1600727552.0
849,-1600323200.0
850,-1599357184.0
851,-1599307648.0
852,-1601379712.0
853,-1599272192.0
854,-1601043072.0
855,-1598440576.0
856,-1599873024.0
857,-1598285568.0
858,-1597600512.0
859,-1597028608.0
860,-1598008576.0
861,-1599124480.0
862,-1599456768.0
863,-1598896768.0
864,-1596405120.0
865,-1599070592.0
866,-1598596992.0
867,-1595565952.0
868,-1600013568.0
869,-1597222400.0
870,-1597124096.0
871,-1598468608.0
872,-1598979712.0
873,-1596585088.0
874,-1597940352.0
875,-1596352768.0
876,-1596927104.0
877,-1598144384.0
878,-1596391808.0
879,-1595077504.0
880,-1595250816.0
881,-1595779584.0
882,-1595117824.0
883,-1598308096.0
884,-1594913536.0
885,-1592996352.0
886,-1596853760.0
887,-1595479168.0
888,-1595878400.0
889,-1596599808.0
890,-1595910144.0
891,-1596369792.0
892,-1595653376.0
893,-1597485312.0
894,-1595123712.0
895,-1595959168.0
896,-1596001920.0
897,-1594587392.0
898,-1597176448.0
899,-1594309632.0
900,-1593872512.0
901,-1595690368.0
902,-1594102784.0
903,-1594268800.0
904,-1593500672.0
905,-1593540992.0
906,-1594679424.0
907,-1594188032.0
908,-1594718976.0
909,-1595066240.0
910,-1594705152.0
911,-1594182912.0
912,-1592734208.0
913,-1593292032.0
914,-1595618560.0
915,-1594705792.0
916,-1592874368.0
917,-1593161856.0
918,-1592484480.0
919,-1593383040.0
920,-1592537216.0
921,-1593425792.0
922,-1593841408.0
923,-1593904896.0
924,-1592950272.0
925,-1594530560.0
926,-1592727040.0
927,-1593649920.0
928,-1593278976.0
929,-1592332160.0
930,-1592822400.0
931,-1593127936.0
932,-1594109184.0
933,-1592088448.0
934,-1593183360.0
935,-1591662080.0
936,-1592623744.0
937,-1591917952.0
938,-1590795136.0
939,-1591584896.0
940,-1591602688.0
941,-1592149504.0
942,-1592687872.0
943,-1591836928.0
944,-1591266688.0
945,-1591865344.0
946,-1591391232.0
947,-1590420096.0
948,-1591037952.0
949,-1591967872.0
950,-1590445184.0
951,-1590669056.0
952,-1590601984.0
953,-1589720576.0
954,-1590690944.0
955,-1591548544.0
956,-1590216320.0
957,-1593122176.0
958,-1590679040.0
959,-1591390720.0
960,-1591961344.0
961,-1590524672.0
962,-1589572608.0
963,-1589474048.0
964,-1590246144.0
965,-1588975744.0
966,-1589665792.0
967,-1590902400.0
968,-1589531392.0
969,-1589186944.0
970,-1590689408.0
971,-1588852864.0
972,-1589179264.0
973,-1588969216.0
974,-1590162944.0
975,-1589316608.0
976,-1590376704.0
977,-1589437056.0
978,-1589934464.0
979,-1589432832.0
980,-1590044160.0
981,-1589686912.0
982,-1589135872.0
983,-1589908480.0
984,-1588466176.0
985,-1590446464.0
986,-1588399104.0
987,-1588328064.0
988,-1588471552.0
989,-1588496512.0
990,-1588482816.0
991,-1588018560.0
992,-1589053312.0
993,-1586015488.0
994,-1589211520.0
995,-1589123840.0
996,-1588587904.0
997,-1589216384.0
998,-1587860096.0
999,-1587624704.0
1000,-1588505216.0
1001,-1587766144.0
1002,-1587369088.0
1003,-1588593536.0
1004,-1587440896.0
1005,-1587605760.0
1006,-1587266816.0
1007,-1587125376.0
1008,-1586739456.0
1009,-1585819264.0
1010,-1587474304.0
1011,-1586680704.0
1012,-1587203072.0
1013,-1586718080.0
1014,-1588287232.0
1015,-1586399360.0
1016,-1587734144.0
1017,-1586571008.0
1018,-1586171904.0
1019,-1587341824.0
1020,-1585392896.0
1021,-1587027456.0
1022,-1586446976.0
1023,-1586504704.0
1024,-1585480832.0
1025,-1585796736.0
1026,-1586412544.0
1027,-1586802048.0
1028,-1585217280.0
1029,-1585699456.0
1030,-1586064000.0
1031,-1585496704.0
1032,-1586039296.0
1033,-1587016704.0
1034,-1586089472.0
1035,-1585963008.0
1036,-1585007360.0
1037,-1584661120.0
1038,-1585598080.0
1039,-1584676352.0
1040,-1585731328.0
1041,-1585762688.0
1042,-1584622848.0
1043,-1585355520.0
1044,-1584166784.0
1045,-1584671872.0
1046,-1584118016.0
1047,-1584264448.0
1048,-1585281792.0
1049,-1584012032.0
1050,-1583387008.0
1051,-1585149568.0
1052,-1586058240.0
1053,-1584473984.0
1054,-1584415744.0
1055,-1582828800.0
1056,-1583488256.0
1057,-1584267392.0
1058,-1583985536.0
1059,-1583603072.0
1060,-1583017088.0
1061,-1583486848.0
1062,-1584107648.0
1063,-1583043456.0
1064,-1583093504.0
1065,-1582488064.0
1066,-1583155840.0
1067,-1582088064.0
1068,-1581630336.0
1069,-1582645632.0
1070,-1583037568.0
1071,-1582943616.0
1072,-1582911488.0
1073,-1582410112.0
1074,-1582916096.0
1075,-1581798016.0
1076,-1582874496.0
1077,-1582516480.0
1078,-1582794368.0
1079,-1581582336.0
1080,-1583334528.0
1081,-1581667456.0
1082,-1582487296.0
1083,-1581368704.0
1084,-1581665536.0
1085,-1581522176.0
1086,-1581712384.0
1087,-1581908608.0
1088,-1580995072.0
1089,-1580850560.0
1090,-1581955200.0
1091,-1580854784.0
1092,-1580472448.0
1093,-1580446208.0
1094,-1580721024.0
1095,-1579383680.0
1096,-1580045952.0
1097,-1580252800.0
1098,-1580138112.0
1099,-1580427136.0
1100,-1580072192.0
1101,-1580020864.0
1102,-1580083584.0
1103,-1580818944.0
1104,-1579557504.0
1105,-1579910656.0
1106,-1580497024.0
1107,-1579059840.0
1108,-1580060928.0
1109,-1579207552.0
1110,-1579791360.0
1111,-1579956736.0
1112,-1580014464.0
1113,-1579161728.0
1114,-1579535232.0
1115,-1578988800.0
1116,-1578096896.0
1117,-1578237952.0
1118,-1579573248.0
1119,-1579069696.0
1120,-1577506816.0
1121,-1578189056.0
1122,-1579406080.0
1123,-1577421184.0
1124,-1577592960.0
1125,-1577101568.0
1126,-1577827456.0
1127,-1577388288.0
1128,-1577337984.0
1129,-1577143808.0
1130,-1577499648.0
1131,-1577295488.0
1132,-1575961344.0
1133,-1576874880.0
1134,-1576496256.0
1135,-1577437568.0
1136,-1575336448.0
1137,-1575493888.0
1138,-1577208064.0
1139,-1575859712.0
1140,-1576318848.0
1141,-1575874560.0
1142,-1576006144.0
1143,-1575280000.0
1144,-1574647040.0
1145,-1575580800.0
1146,-1574342016.0
1147,-1574819840.0
1148,-1575316224.0
1149,-1574588160.0
1150,-1574672384.0
1151,-1574299136.0
1152,-1574633344.0
1153,-1574091392.0
1154,-1573794816.0
1155,-1573694464.0
1156,-1573270144.0
1157,-1574434688.0
1158,-1572690432.0
1159,-1573892480.0
1160,-1573320832.0
1161,-1572919552.0
1162,-1572579584.0
1163,-1571881600.0
1164,-1572242816.0
1165,-1572400128.0
1166,-1571733120.0
1167,-1571728128.0
1168,-1570938752.0
1169,-1572352512.0
1170,-1571198720.0
1171,-1571007232.0
1172,-1570678784.0
1173,-1570642432.0
1174,-1570587648.0
1175,-1571421952.0
1176,-1570183424.0
1177,-1569894400.0
1178,-1570534528.0
1179,-1570139008.0
1180,-1569512064.0
1181,-1568776064.0
1182,-1569723392.0
1183,-1567844992.0
1184,-1568827136.0
1185,-1569266688.0
1186,-1567788032.0
1187,-1569228544.0
1188,-1568188928.0
1189,-1568362368.0
1190,-1565758720.0
1191,-1567724160.0
1192,-1567918848.0
1193,-1567384576.0
1194,-1566988800.0
1195,-1566436608.0
1196,-1567204736.0
1197,-1566252800.0
1198,-1565969664.0
1199,-1564727808.0
1200,-1565060224.0
1201,-1565485824.0
1202,-1566315008.0
1203,-1565637120.0
1204,-1565380992.0
1205,-1564229120.0
1206,-1565108480.0
1207,-1564614912.0
1208,-1564554112.0
1209,-1564094336.0
1210,-1564026240.0
1211,-1563576704.0
1212,-1562857728.0
1213,-1562622208.0
1214,-1563140352.0
1215,-1562060672.0
1216,-1561614848.0
1217,-1562106752.0
1218,-1560835200.0
1219,-1561993472.0
1220,-1562669184.0
1221,-1559965184.0
1222,-1560438272.0
1223,-1560441984.0
1224,-1559774592.0
1225,-1559104768.0
1226,-1560413312.0
1227,-1558334592.0
1228,-1559595904.0
1229,-1558437760.0
1230,-1557610752.0
1231,-1558138240.0
1232,-1558594304.0
1233,-1555668352.0
1234,-1556830208.0
1235,-1557711488.0
1236,-1556986624.0
1237,-1557132544.0
1238,-1556009216.0
1239,-1555538944.0
1240,-1555059456.0
1241,-1554572800.0
1242,-1555127424.0
1243,-1553439744.0
1244,-1553627904.0
1245,-1553679488.0
1246,-1552763264.0
1247,-1553064704.0
1248,-1553272576.0
1249,-1551300352.0
1250,-1552019200.0
1251,-1552148352.0
1252,-1551376384.0
1253,-1551064960.0
1254,-1551049984.0
1255,-1551068416.0
1256,-1549101568.0
1257,-1549282560.0
1258,-1549490048.0
1259,-1548811648.0
1260,-1548490880.0
1261,-1548829696.0
1262,-1548469760.0
1263,-1547999488.0
1264,-1547256832.0
1265,-1547647616.0
1266,-1547394432.0
1267,-1545872768.0
1268,-1546601344.0
1269,-1545044736.0
1270,-1544854784.0
1271,-1544864896.0
1272,-1544166144.0
1273,-1543606912.0
1274,-1543141632.0
1275,-1543537792.0
1276,-1541928064.0
1277,-1541895424.0
1278,-1543337344.0
1279,-1541617536.0
1280,-1542329984.0
1281,-1539953664.0
1282,-1541437696.0
1283,-1540032256.0
1284,-1539316096.0
1285,-1539062912.0
1286,-1538071040.0
1287,-1538719232.0
1288,-1537124864.0
1289,-1537644800.0
1290,-1537874432.0
1291,-1538147456.0
1292,-1536631168.0
1293,-1536654336.0
1294,-1537271296.0
1295,-1534805632.0
1296,-1534290816.0
1297,-1533060864.0
1298,-1533412480.0
1299,-1532494336.0
1300,-1532925568.0
1301,-1532461696.0
1302,-1532823040.0
1303,-1530601984.0
1304,-1531189376.0
1305,-1529683200.0
1306,-1530258688.0
1307,-1529831040.0
1308,-1526677248.0
1309,-1528909824.0
1310,-1527523328.0
1311,-1527657728.0
1312,-1527600256.0
1313,-1525554048.0
1314,-1524009856.0
1315,-1524881792.0
1316,-1525145088.0
1317,-1523517952.0
1318,-1524140160.0
1319,-1521864832.0
1320,-1522785024.0
1321,-1522519040.0
1322,-1522733952.0
1323,-1522469888.0
1324,-1520394112.0
1325,-1520369664.0
1326,-1519116800.0
1327,-1518919040.0
1328,-1519128192.0
1329,-1519760000.0
1330,-1517456768.0
1331,-1516260736.0
1332,-1517516672.0
1333,-1515285888.0
1334,-1515058176.0
1335,-1513144704.0
1336,-1515312256.0
1337,-1515086464.0
1338,-1513112576.0
1339,-1511570688.0
1340,-1510976000.0
1341,-1511258112.0
1342,-1510539520.0
1343,-1509190144.0
1344,-1509598464.0
1345,-1507815168.0
1346,-1507873280.0
1347,-1505839744.0
1348,-1508352896.0
1349,-1507133056.0
1350,-1505848320.0
1351,-1504699008.0
1352,-1504298368.0
1353,-1503336576.0
1354,-1505406208.0
1355,-1502998784.0
1356,-1502629120.0
1357,-1501919616.0
1358,-1500062464.0
1359,-1500525696.0
1360,-1499080960.0
1361,-1499524992.0
1362,-1499930624.0
1363,-1497328640.0
1364,-1497398784.0
1365,-1496633728.0
1366,-1495793152.0
1367,-1496731648.0
1368,-1493078400.0
1369,-1493842048.0
1370,-1494476544.0
1371,-1493471360.0
1372,-1491294208.0
1373,-1491205504.0
1374,-1490251648.0
1375,-1491301888.0
1376,-1491651584.0
1377,-1488408576.0
1378,-1488578048.0
1379,-1488191744.0
1380,-1486513408.0
1381,-1486131584.0
1382,-1485518848.0
1383,-1484875392.0
1384,-1484223744.0
1385,-1483126144.0
1386,-1482878464.0
1387,-1481881472.0
1388,-1481645952.0
1389,-1479968128.0
1390,-1480833536.0
1391,-1479458304.0
1392,-1478885632.0
1393,-1476845568.0
1394,-1476755200.0
1395,-1476034176.0
1396,-1476511744.0
1397,-1475492224.0
1398,-1474591104.0
1399,-1473071360.0
1400,-1473596672.0
1401,-1472262400.0
1402,-1472862464.0
1403,-1470547200.0
1404,-1469680768.0
1405,-1469913984.0
1406,-1466533760.0
1407,-1467580416.0
1408,-1468584192.0
1409,-1464751616.0
1410,-1466101760.0
1411,-1464687360.0
1412,-1464573952.0
1413,-1464441344.0
1414,-1463131392.0
1415,-1462785792.0
1416,-1461433984.0
1417,-1461903232.0
1418,-1459596800.0
1419,-1459801728.0
1420,-1459367808.0
1421,-1459652736.0
1422,-1459506944.0
1423,-1457897728.0
1424,-1457873664.0
1425,-1455984384.0
1426,-1456832896.0
1427,-1455013248.0
1428,-1452829568.0
1429,-1451986432.0
1430,-1452245504.0
1431,-1453008000.0
1432,-1451317120.0
1433,-1450318848.0
1434,-1448298240.0
1435,-1449786880.0
1436,-1447471488.0
1437,-1448033664.0
1438,-1446007296.0
1439,-1446456064.0
1440,-1445026816.0
1441,-1445031936.0
1442,-1443650560.0
1443,-1442329728.0
1444,-1443122944.0
1445,-1439946368.0
1446,-1439652480.0
1447,-1441583104.0
1448,-1438116480.0
1449,-1438046336.0
1450,-1438580224.0
1451,-1436855936.0
1452,-1437956992.0
1453,-1435131392.0
1454,-1435619328.0
1455,-1433478400.0
1456,-1432683008.0
1457,-1431253248.0
1458,-1433571840.0
1459,-1432460032.0
1460,-1429075328.0
1461,-1429436288.0
1462,-1429373696.0
1463,-1429392384.0
1464,-1428146048.0
1465,-1426385408.0
1466,-1425629696.0
1467,-1424862208.0
1468,-1425661696.0
1469,-1424420480.0
1470,-1423089920.0
1471,-1423197696.0
1472,-1422371840.0
1473,-1421076864.0
1474,-1421567360.0
1475,-1420198656.0
1476,-1420199424.0
1477,-1418992896.0
1478,-1418889856.0
1479,-1417485568.0
1480,-1418699648.0
1481,-1414057344.0
1482,-1413981440.0
1483,-1416187904.0
1484,-1413717760.0
1485,-1413230720.0
1486,-1413573248.0
1487,-1411736576.0
1488,-1412240128.0
1489,-1410761088.0
1490,-1411516416.0
1491,-1408415232.0
1492,-1409123072.0
1493,-1408617088.0
1494,-1408661888.0
1495,-1406124160.0
1496,-1406030208.0
1497,-1405641984.0
1498,-1405397888.0
1499,-1403677056.0
1500,-1400713088.0
1501,-1403511808.0
1502,-1401237376.0
1503,-1399519104.0
1504,-1400879488.0
1505,-1401436160.0
1506,-1398838528.0
1507,-1398070912.0
1508,-1397093504.0
1509,-1397678592.0
1510,-1396384768.0
1511,-1397878656.0
1512,-1396068864.0
1513,-1394016512.0
1514,-1394868480.0
1515,-1394393984.0
1516,-1394144640.0
1517,-1393654912.0
1518,-1392599680.0
1519,-1391442560.0
1520,-1391742464.0
1521,-1389862272.0
1522,-1389773440.0
1523,-1388700928.0
1524,-1388345216.0
1525,-1389515904.0
1526,-1386488192.0
1527,-1386681088.0
1528,-1385104512.0
1529,-1384524416.0
1530,-1383730304.0
1531,-1385032832.0
1532,-1382210560.0
1533,-1382846976.0
1534,-1381985152.0
1535,-1382792576.0
1536,-1381222400.0
1537,-1380069632.0
1538,-1379331072.0
1539,-1378236160.0
1540,-1378662528.0
1541,-1376701568.0
1542,-1376452224.0
1543,-1375074304.0
1544,-1375489408.0
1545,-1376190080.0
1546,-1374008320.0
1547,-1374987392.0
1548,-1373760256.0
1549,-1372481408.0
1550,-1373325184.0
1551,-1372047872.0
1552,-1370594688.0
1553,-1371154176.0
1554,-1372229248.0
1555,-1369750912.0
1556,-1369683328.0
1557,-1369309056.0
1558,-1367421440.0
1559,-1368920320.0
1560,-1367432960.0
1561,-1365584896.0
1562,-1366160896.0
1563,-1364044416.0
1564,-1364984832.0
1565,-1363551744.0
1566,-1363429376.0
1567,-1363905664.0
1568,-1363212160.0
1569,-1362072064.0
1570,-1363293568.0
1571,-1362256000.0
1572,-1359894144.0
1573,-1359345920.0
1574,-1360055168.0
1575,-1358370688.0
1576,-1358582656.0
1577,-1357569920.0
1578,-1357431296.0
1579,-1358073728.0
1580,-1355454848.0
1581,-1356705536.0
1582,-1355867776.0
1583,-1354428928.0
1584,-1355988992.0
1585,-1355027072.0
1586,-1354379392.0
1587,-1353817216.0
1588,-1353621120.0
1589,-1352085376.0
1590,-1352480896.0
1591,-1351192320.0
1592,-1349820672.0
1593,-1351008640.0
1594,-1349545216.0
1595,-1349058304.0
1596,-1351246848.0
1597,-1348384128.0
1598,-1347781760.0
1599,-1347971072.0
1600,-1347236096.0
1601,-1347288448.0
1602,-1346908288.0
1603,-1345744768.0
1604,-1344954624.0
1605,-1345463936.0
1606,-1344676352.0
1607,-1343759488.0
1608,-1344219520.0
1609,-1341198208.0
1610,-1340660224.0
1611,-1341046784.0
1612,-1341892352.0
1613,-1342089984.0
1614,-1340070912.0
1615,-1340923776.0
1616,-1339397632.0
1617,-1340034560.0
1618,-1339887872.0
1619,-1339951104.0
1620,-1336622208.0
1621,-1338031872.0
1622,-1338035712.0
1623,-1337656576.0
1624,-1337408768.0
1625,-1336525056.0
1626,-1336162816.0
1627,-1335789952.0
1628,-1335394816.0
1629,-1335655040.0
1630,-1334382208.0
1631,-1333991552.0
1632,-1335395840.0
1633,-1332948096.0
1634,-1332930176.0
1635,-1333257344.0
1636,-1332174080.0
1637,-1333074688.0
1638,-1330535680.0
1639,-1330948224.0
1640,-1330827520.0
1641,-1330483584.0
1642,-1330116480.0
1643,-1329748736.0
1644,-1329772800.0
1645,-1327369984.0
1646,-1329197568.0
1647,-1328362240.0
1648,-1326718464.0
1649,-1328685568.0
1650,-1327232256.0
1651,-1327885568.0
1652,-1326344704.0
1653,-1325892736.0
1654,-1327114624.0
1655,-1324464384.0
1656,-1325383040.0
1657,-1325186176.0
1658,-1323210368.0
1659,-1324187264.0
1660,-1324449664.0
1661,-1324208512.0
1662,-1323376896.0
1663,-1323478912.0
1664,-1321674624.0
1665,-1322750336.0
1666,-1321972736.0
1667,-1320532480.0
1668,-1321903872.0
1669,-1321281024.0
1670,-1320869760.0
1671,-1319438720.0
1672,-1320271360.0
1673,-1318374912.0
1674,-1319227520.0
1675,-1319636352.0
1676,-1318590336.0
1677,-1318387072.0
1678,-1317849216.0
1679,-1317927296.0
1680,-1317106560.0
1681,-1317179136.0
1682,-1316472960.0
1683,-1316722944.0
1684,-1316046976.0
1685,-1316049152.0
1686,-1315193216.0
1687,-1315490304.0
1688,-1315093120.0
1689,-1315086208.0
1690,-1314598272.0
1691,-1313226624.0
1692,-1314005888.0
1693,-1313261952.0
1694,-1313773440.0
1695,-1313618688.0
1696,-1312585216.0
1697,-1312244352.0
1698,-1312450176.0
1699,-1312550656.0
1700,-1311842816.0
1701,-1311164160.0
1702,-1310442496.0
1703,-1311421440.0
1704,-1310964608.0
1705,-1309934464.0
1706,-1311160704.0
1707,-1309842304.0
1708,-1310142080.0
1709,-1309598080.0
1710,-1309015808.0
1711,-1308814848.0
1712,-1308829568.0
1713,-1309456384.0
1714,-1308446208.0
1715,-1308035072.0
1716,-1306995328.0
1717,-1307596928.0
1718,-1307457408.0
1719,-1306801152.0
1720,-1306894464.0
1721,-1306555392.0
1722,-1306908672.0
1723,-1306352384.0
1724,-1306077184.0
1725,-1304901888.0
1726,-1306114944.0
1727,-1305496448.0
1728,-1305436160.0
1729,-1305098880.0
1730,-1304637312.0
1731,-1305220736.0
1732,-1305334912.0
1733,-1304503296.0
1734,-1304073728.0
1735,-1303638912.0
1736,-1302525568.0
1737,-1303319296.0
1738,-1302126336.0
1739,-1302038784.0
1740,-1302757504.0
1741,-1302051584.0
1742,-1302146944.0
1743,-1302437376.0
1744,-1301917312.0
1745,-1301924352.0
1746,-1300909184.0
1747,-1300312448.0
1748,-1300507904.0
1749,-1300212096.0
1750,-1300060416.0
1751,-1300117504.0
1752,-1300031488.0
1753,-1299822592.0
1754,-1298873472.0
1755,-1300177152.0
1756,-1299628416.0
1757,-1298765824.0
1758,-1298732928.0
1759,-1299440256.0
1760,-1298847744.0
1761,-1299127040.0
1762,-1298949760.0
1763,-1298259712.0
1764,-1298302464.0
1765,-1297945344.0
1766,-1297455104.0
1767,-1297199744.0
1768,-1296940288.0
1769,-1296929152.0
1770,-1296924928.0
1771,-1297035776.0
1772,-1296027648.0
1773,-1295816704.0
1774,-1295888640.0
1775,-1295602432.0
1776,-1295685120.0
1777,-1295210368.0
1778,-1294589440.0
1779,-1295193600.0
1780,-1294693888.0
1781,-1294671360.0
1782,-1294412672.0
1783,-1294303104.0
1784,-1294356224.0
1785,-1293949696.0
1786,-1294106624.0
1787,-1294397824.0
1788,-1294234240.0
1789,-1294511360.0
1790,-1293190784.0
1791,-1292662784.0
1792,-1293267072.0
1793,-1292760448.0
1794,-1292571264.0
1795,-1293600512.0
1796,-1292372352.0
1797,-1292448128.0
1798,-1291222272.0
1799,-1292342272.0
1800,-1292071424.0
1801,-1291865600.0
1802,-1291328256.0
1803,-1292228736.0
1804,-1291449856.0
1805,-1290916608.0
1806,-1291060608.0
1807,-1291507712.0
1808,-1291046400.0
1809,-1289806976.0
1810,-1290318464.0
1811,-1290720640.0
1812,-1291250048.0
1813,-1291720192.0
1814,-1289913472.0
1815,-1289381888.0
1816,-1290013440.0
1817,-1289115776.0
1818,-1290216064.0
1819,-1288914048.0
1820,-1289121920.0
1821,-1289240704.0
1822,-1288853120.0
1823,-1288711168.0
1824,-1288839808.0
1825,-1288941696.0
1826,-1288724864.0
1827,-1288713984.0
1828,-1288503936.0
1829,-1287960320.0
1830,-1288788736.0
1831,-1288167168.0
1832,-1288511360.0
1833,-1287769984.0
1834,-1287940608.0
1835,-1287516800.0
1836,-1286863872.0
1837,-1286988288.0
1838,-1286886784.0
1839,-1287119872.0
1840,-1286286464.0
1841,-1286806912.0
1842,-1286043520.0
1843,-1286260864.0
1844,-1285723648.0
1845,-1285884672.0
1846,-1286156160.0
1847,-1285887872.0
1848,-1286000256.0
1849,-1285805312.0
1850,-1285985024.0
1851,-1285078528.0
1852,-1285312000.0
1853,-1285460864.0
1854,-1285182976.0
1855,-1285383936.0
1856,-1285006720.0
1857,-1284821376.0
1858,-1284820992.0
1859,-1284599168.0
1860,-1284917632.0
1861,-1284585088.0
1862,-1284130816.0
1863,-1283608448.0
1864,-1284265984.0
1865,-1283784576.0
1866,-1283595648.0
1867,-1283868800.0
1868,-1283153024.0
1869,-1283174656.0
1870,-1283857024.0
1871,-1283459200.0
1872,-1282782720.0
1873,-1283316480.0
1874,-1283006336.0
1875,-1283200128.0
1876,-1283161984.0
1877,-1282548480.0
1878,-1283036544.0
1879,-1282860672.0
1880,-1282437376.0
1881,-1282102016.0
1882,-1282391680.0
1883,-1282562176.0
1884,-1282229120.0
1885,-1281840896.0
1886,-1281864960.0
1887,-1282061056.0
1888,-1281489280.0
1889,-1281815168.0
1890,-1281566464.0
1891,-1281796224.0
1892,-1281384320.0
1893,-1281438080.0
1894,-1281263616.0
1895,-1281233152.0
1896,-1280903168.0
1897,-1280918016.0
1898,-1281027072.0
1899,-1280567808.0
1900,-1280759424.0
1901,-1281367168.0
1902,-1280702208.0
1903,-1281085568.0
1904,-1280188800.0
1905,-1280276864.0
1906,-1280790784.0
1907,-1280353024.0
1908,-1279630336.0
1909,-1280091392.0
1910,-1280252800.0
1911,-1280138240.0
1912,-1279819008.0
1913,-1279897856.0
1914,-1279192192.0
1915,-1279646208.0
1916,-1278807168.0
1917,-1279972608.0
1918,-1279822208.0
1919,-1279132800.0
1920,-1279403392.0
1921,-1278647296.0
1922,-1279282432.0
1923,-1278946304.0
1924,-1279329536.0
1925,-1278721024.0
1926,-1278924288.0
1927,-1278908544.0
1928,-1278940160.0
1929,-1278607872.0
1930,-1278684672.0
1931,-1278144384.0
1932,-1278424448.0
1933,-1278056192.0
1934,-1278631296.0
1935,-1278046976.0
1936,-1278024832.0
1937,-1277538048.0
1938,-1278020480.0
1939,-1278028032.0
1940,-1278089088.0
1941,-1277732992.0
1942,-1277684224.0
1943,-1277286400.0
1944,-1277972480.0
1945,-1277548160.0
1946,-1277484160.0
1947,-1277666304.0
1948,-1277334784.0
1949,-1277120256.0
1950,-1277542144.0
1951,-1276995200.0
1952,-1277264128.0
1953,-1277054592.0
1954,-1276763264.0
1955,-1277108608.0
1956,-1276504064.0
1957,-1276591360.0
1958,-1276503552.0
1959,-1276792576.0
1960,-1276786560.0
1961,-1276760832.0
1962,-1277247744.0
1963,-1276483328.0
1964,-1276848768.0
1965,-1276157312.0
1966,-1275763200.0
1967,-1276542208.0
1968,-1275879936.0
1969,-1276569984.0
1970,-1275599744.0
1971,-1276230016.0
1972,-1276098304.0
1973,-1275763584.0
1974,-1275894144.0
1975,-1275738112.0
1976,-1275948416.0
1977,-1275100416.0
1978,-1275450624.0
1979,-1275940608.0
1980,-1275689088.0
1981,-1275497216.0
1982,-1275431808.0
1983,-1275250688.0
1984,-1275382656.0
1985,-1275210624.0
1986,-1275625600.0
1987,-1275334528.0
1988,-1275023360.0
1989,-1274685568.0
1990,-1275219072.0
1991,-1275260928.0
1992,-1274667008.0
1993,-1274515712.0
1994,-1274329856.0
1995,-1274933120.0
1996,-1274942336.0
1997,-1274844416.0
1998,-1274435712.0
1999,-1274552960.0
2000,-1274892672.0
2001,-1274291200.0
2002,-1274737920.0
2003,-1274488448.0
2004,-1273969664.0
2005,-1274264832.0
2006,-1274504832.0
2007,-1273812224.0
2008,-1274635776.0
2009,-1273864704.0
2010,-1274207872.0
2011,-1273865088.0
2012,-1273992192.0
2013,-1273824512.0
2014,-1274092416.0
2015,-1274163712.0
2016,-1274394624.0
2017,-1273612544.0
2018,-1273703424.0
2019,-1273371136.0
2020,-1274259328.0
2021,-1273599360.0
2022,-1273681280.0
2023,-1273838976.0
2024,-1273712128.0
2025,-1273449600.0
2026,-1273637376.0
2027,-1273124736.0
2028,-1273129216.0
2029,-1273112704.0
2030,-1273311104.0
2031,-1273358336.0
2032,-1273028352.0
2033,-1273554432.0
2034,-1273092992.0
2035,-1273090432.0
2036,-1272990592.0
2037,-1273212672.0
2038,-1273312640.0
2039,-1272733312.0
2040,-1273352448.0
2041,-1272855808.0
2042,-1272576512.0
2043,-1272912768.0
2044,-1272855680.0
2045,-1272309376.0
2046,-1272672640.0
2047,-1272426368.0
2048,-1272624512.0
2049,-1272764288.0
2050,-1272682624.0
2051,-1272504192.0
2052,-1272110336.0
2053,-1272304384.0
2054,-1272511616.0
2055,-1272596352.0
2056,-1272464000.0
2057,-1272263680.0
2058,-1272000896.0
2059,-1272219648.0
2060,-1272187648.0
2061,-1272091392.0
2062,-1272259456.0
2063,-1272134400.0
2064,-1271937152.0
2065,-1271977728.0
2066,-1272086912.0
2067,-1271950720.0
2068,-1271877632.0
2069,-1272032256.0
2070,-1271787904.0
2071,-1271649280.0
2072,-1271642880.0
2073,-1271842560.0
2074,-1271618688.0
2075,-1271594240.0
2076,-1271995904.0
2077,-1271373184.0
2078,-1271733376.0
2079,-1271732608.0
2080,-1271477120.0
2081,-1271522176.0
2082,-1271643520.0
2083,-1271655296.0
2084,-1271150464.0
2085,-1271209600.0
2086,-1271075328.0
2087,-1271338752.0
2088,-1271021440.0
2089,-1271526784.0
2090,-1271371520.0
2091,-1271343360.0
2092,-1271297408.0
2093,-1270727936.0
2094,-1271395584.0
2095,-1270795392.0
2096,-1271046272.0
2097,-1271198208.0
2098,-1271005824.0
2099,-1271003520.0
2100,-1270635648.0
2101,-1270624384.0
2102,-1270707968.0
2103,-1270456448.0
2104,-1270471424.0
2105,-1271016064.0
2106,-1270751232.0
2107,-1270917888.0
2108,-1270479616.0
2109,-1270827648.0
2110,-1270692864.0
2111,-1270631424.0
2112,-1270418816.0
2113,-1270574592.0
2114,-1270235392.0
2115,-1270737280.0
2116,-1270320512.0
2117,-1270341504.0
2118,-1270318592.0
2119,-1270411904.0
2120,-1270561536.0
2121,-1270245760.0
2122,-1270144000.0
2123,-1270097152.0
2124,-1270153600.0
2125,-1270231808.0
2126,-1270063360.0
2127,-1269885312.0
2128,-1270156544.0
2129,-1270249088.0
2130,-1269960320.0
2131,-1270016128.0
2132,-1269849728.0
2133,-1270183296.0
2134,-1269906944.0
2135,-1269995904.0
2136,-1270103168.0
2137,-1269668480.0
2138,-1269752960.0
2139,-1269942784.0
2140,-1269936000.0
2141,-1269797888.0
2142,-1269903872.0
2143,-1269739264.0
2144,-1270087168.0
2145,-1269813120.0
2146,-1269617408.0
2147,-1269772928.0
2148,-1269711232.0
2149,-1269785472.0
2150,-1269786752.0
2151,-1269600384.0
2152,-1269489024.0
2153,-1269587456.0
2154,-1269413760.0
2155,-1269305216.0
2156,-1269428864.0
2157,-1269630592.0
2158,-1269425024.0
2159,-1269439744.0
2160,-1269656448.0
2161,-1269596032.0
2162,-1269345024.0
2163,-1269189888.0
2164,-1269723136.0
2165,-1269489536.0
2166,-1269342208.0
2167,-1269395840.0
2168,-1269173632.0
2169,-1269050624.0
2170,-1269139328.0
2171,-1269240064.0
2172,-1269154944.0
2173,-1269049088.0
2174,-1269118720.0
2175,-1269128832.0
2176,-1269198080.0
2177,-1269246720.0
2178,-1269041664.0
2179,-1269019648.0
2180,-1268990464.0
2181,-1268835968.0
2182,-1268795008.0
2183,-1269170176.0
2184,-1269123456.0
2185,-1268932608.0
2186,-1268969344.0
2187,-1268814592.0
2188,-1268799104.0
2189,-1268866688.0
2190,-1268755584.0
2191,-1268796544.0
2192,-1268842240.0
2193,-1268683904.0
2194,-1268800896.0
2195,-1268676096.0
2196,-1268688512.0
2197,-1268535808.0
2198,-1268929024.0
2199,-1268497280.0
2200,-1268847616.0
2201,-1268854912.0
2202,-1268789248.0
2203,-1268733184.0
2204,-1268790144.0
2205,-1268569728.0
2206,-1268513792.0
2207,-1268322816.0
2208,-1268595840.0
2209,-1268390016.0
2210,-1268438272.0
2211,-1268526592.0
2212,-1268286976.0
2213,-1268352000.0
2214,-1268262528.0
2215,-1268284416.0
2216,-1268447488.0
2217,-1268268800.0
2218,-1267962496.0
2219,-1268250240.0
2220,-1268439552.0
2221,-1268037632.0
2222,-1268417024.0
2223,-1268122368.0
2224,-1268311808.0
2225,-1268254080.0
2226,-1268304000.0
2227,-1268516864.0
2228,-1268041472.0
2229,-1268224640.0
2230,-1268321664.0
2231,-1268150912.0
2232,-1268122112.0
2233,-1268043904.0
2234,-1268093824.0
2235,-1268094592.0
2236,-1268149376.0
2237,-1267957760.0
2238,-1267940992.0
2239,-1268018048.0
2240,-1267799936.0
2241,-1267963264.0
2242,-1267980672.0
2243,-1268150784.0
2244,-1267646720.0
2245,-1267770112.0
2246,-1267708416.0
2247,-1267698816.0
2248,-1268066304.0
2249,-1267924608.0
2250,-1267955584.0
2251,-1267719552.0
2252,-1267816448.0
2253,-1267724672.0
2254,-1267857536.0
2255,-1267734272.0
2256,-1267777024.0
2257,-1267746688.0
2258,-1267811200.0
2259,-1267747712.0
2260,-1267705344.0
2261,-1267620224.0
2262,-1267720704.0
2263,-1267670912.0
2264,-1267662336.0
2265,-1267757568.0
2266,-1267728128.0
2267,-1267716224.0
2268,-1267683584.0
2269,-1267543552.0
2270,-1267480576.0
2271,-1267625344.0
2272,-1267551104.0
2273,-1267687040.0
2274,-1267342848.0
2275,-1267568384.0
2276,-1267444736.0
2277,-1267414784.0
2278,-1267340672.0
2279,-1267396608.0
2280,-1267583872.0
2281,-1267470208.0
2282,-1267365632.0
2283,-1267210880.0
2284,-1267618048.0
2285,-1267475712.0
2286,-1267271040.0
2287,-1267371904.0
2288,-1267158016.0
2289,-1267431424.0
2290,-1267138944.0
2291,-1267425280.0
2292,-1267124608.0
2293,-1267263488.0
2294,-1267431296.0
2295,-1267125760.0
2296,-1267413888.0
2297,-1267366528.0
2298,-1267075712.0
2299,-1267220224.0
2300,-1267245312.0
2301,-1267248896.0
2302,-1267144064.0
2303,-1267230208.0
2304,-1267362944.0
2305,-1267259136.0
2306,-1267057536.0
2307,-1267225600.0
2308,-1267129728.0
2309,-1267093248.0
2310,-1267059840.0
2311,-1266974464.0
2312,-1266977536.0
2313,-1267183744.0
2314,-1267163776.0
2315,-1266955136.0
2316,-1266912128.0
2317,-1266935424.0
2318,-1267000960.0
2319,-1267213824.0
2320,-1266992256.0
2321,-1266914816.0
2322,-1266862080.0
2323,-1267048448.0
2324,-1267018240.0
2325,-1266925696.0
2326,-1266926464.0
2327,-1267082368.0
2328,-1266825344.0
2329,-1267056128.0
2330,-1266884608.0
2331,-1266891136.0
2332,-1267062144.0
2333,-1266891776.0
2334,-1266913280.0
2335,-1266797184.0
2336,-1266908288.0
2337,-1266878080.0
2338,-1266785536.0
2339,-1266891008.0
2340,-1266800384.0
2341,-1266970752.0
2342,-1266908032.0
2343,-1266691328.0
2344,-1266870784.0
2345,-1266794496.0
2346,-1266848384.0
2347,-1266609920.0
2348,-1266768640.0
2349,-1266653184.0
2350,-1266549120.0
2351,-1266678656.0
2352,-1266795904.0
2353,-1266770304.0
2354,-1266627712.0
2355,-1266622848.0
2356,-1266768896.0
2357,-1266876288.0
2358,-1266570240.0
2359,-1266547968.0
2360,-1266631680.0
2361,-1266644608.0
2362,-1266596608.0
2363,-1266635264.0
2364,-1266568320.0
2365,-1266699776.0
2366,-1266539648.0
2367,-1266512000.0
2368,-1266612224.0
2369,-1266700032.0
2370,-1266518784.0
2371,-1266426496.0
2372,-1266533632.0
2373,-1266583168.0
2374,-1266430080.0
2375,-1266484480.0
2376,-1266428032.0
2377,-1266649216.0
2378,-1266483072.0
2379,-1266437632.0
2380,-1266440192.0
2381,-1266412160.0
2382,-1266534400.0
2383,-1266392064.0
2384,-1266422784.0
2385,-1266509440.0
2386,-1266428800.0
2387,-1266439936.0
2388,-1266341760.0
2389,-1266485504.0
2390,-1266380928.0
2391,-1266342656.0
2392,-1266449920.0
2393,-1266397696.0
2394,-1266328576.0
2395,-1266327168.0
2396,-1266240512.0
2397,-1266220288.0
2398,-1266292864.0
2399,-1266184064.0
2400,-1266292352.0
2401,-1266356096.0
2402,-1266254336.0
2403,-1266145536.0
2404,-1266221184.0
2405,-1266261120.0
2406,-1266166784.0
2407,-1266234624.0
2408,-1266117504.0
2409,-1266219520.0
2410,-1266214016.0
2411,-1266259200.0
2412,-1266193152.0
2413,-1266195968.0
2414,-1266370048.0
2415,-1266064000.0
2416,-1266044800.0
2417,-1266120320.0
2418,-1266235008.0
2419,-1266140160.0
2420,-1266223744.0
2421,-1266147200.0
2422,-1266207488.0
2423,-1266159360.0
2424,-1266183424.0
2425,-1266213504.0
2426,-1266198912.0
2427,-1266054400.0
2428,-1266210560.0
2429,-1266104448.0
2430,-1266181888.0
2431,-1266044800.0
2432,-1266003200.0
2433,-1266015104.0
2434,-1265991680.0
2435,-1266041984.0
2436,-1266070528.0
2437,-1266060288.0
2438,-1266147712.0
2439,-1265935360.0
2440,-1266100608.0
2441,-1266037376.0
2442,-1265972096.0
2443,-1265996288.0
2444,-1266030208.0
2445,-1266026752.0
2446,-1265988480.0
2447,-1265992832.0
2448,-1266072320.0
2449,-1265975936.0
2450,-1265887232.0
2451,-1265928832.0
2452,-1265816064.0
2453,-1265896576.0
2454,-1265984896.0
2455,-1265934976.0
2456,-1265987072.0
2457,-1265891200.0
2458,-1266024192.0
2459,-1266011520.0
2460,-1265976192.0
2461,-1265870464.0
2462,-1265972864.0
2463,-1265897984.0
2464,-1265931392.0
2465,-1265751296.0
2466,-1265870464.0
2467,-1265879936.0
2468,-1265823744.0
2469,-1265836160.0
2470,-1265858688.0
2471,-1265888896.0
2472,-1265842816.0
2473,-1265903104.0
2474,-1266036096.0
2475,-1265770112.0
2476,-1265786496.0
2477,-1265929344.0
2478,-1265826176.0
2479,-1265761664.0
2480,-1265856384.0
2481,-1265842304.0
2482,-1265875072.0
2483,-1265802880.0
2484,-1265666048.0
2485,-1265797760.0
2486,-1265837824.0
2487,-1265844736.0
2488,-1265887616.0
2489,-1265821824.0
2490,-1265736832.0
2491,-1265841280.0
2492,-1265781632.0
2493,-1265866752.0
2494,-1265685888.0
2495,-1265725312.0
2496,-1265726848.0
2497,-1265761024.0
2498,-1265844608.0
2499,-1265742464.0
2500,-1265739264.0
2501,-1265646976.0
2502,-1265578240.0
2503,-1265753856.0
2504,-1265636224.0
2505,-1265716992.0
2506,-1265774720.0
2507,-1265766528.0
2508,-1265727232.0
2509,-1265677184.0
2510,-1265623552.0
2511,-1265550720.0
2512,-1265615232.0
2513,-1265703808.0
2514,-1265655808.0
2515,-1265562880.0
2516,-1265589888.0
2517,-1265682944.0
2518,-1265543680.0
2519,-1265689216.0
2520,-1265552000.0
2521,-1265559296.0
2522,-1265545472.0
2523,-1265669376.0
2524,-1265611392.0
2525,-1265624448.0
2526,-1265667072.0
2527,-1265657216.0
2528,-1265571840.0
2529,-1265485184.0
2530,-1265446656.0
2531,-1265573248.0
2532,-1265569920.0
2533,-1265541760.0
2534,-1265478272.0
2535,-1265673472.0
2536,-1265435520.0
2537,-1265467392.0
2538,-1265536256.0
2539,-1265462912.0
2540,-1265523712.0
2541,-1265575680.0
2542,-1265463808.0
2543,-1265526400.0
2544,-1265582336.0
2545,-1265507584.0
2546,-1265559296.0
2547,-1265465728.0
2548,-1265479808.0
2549,-1265503104.0
2550,-1265454720.0
2551,-1265478656.0
2552,-1265416064.0
2553,-1265566080.0
2554,-1265431808.0
2555,-1265369728.0
2556,-1265600640.0
2557,-1265450496.0
2558,-1265531776.0
2559,-1265433600.0
2560,-1265544320.0
2561,-1265349888.0
2562,-1265358976.0
2563,-1265397760.0
2564,-1265343360.0
2565,-1265443072.0
2566,-1265450368.0
2567,-1265373824.0
2568,-1265350912.0
2569,-1265355648.0
2570,-1265475072.0
2571,-1265422592.0
2572,-1265376896.0
2573,-1265523072.0
2574,-1265342080.0
2575,-1265353344.0
2576,-1265428480.0
2577,-1265371776.0
2578,-1265328256.0
2579,-1265362560.0
2580,-1265308672.0
2581,-1265299840.0
2582,-1265336064.0
2583,-1265286912.0
2584,-1265358336.0
2585,-1265369088.0
2586,-1265315968.0
2587,-1265334272.0
2588,-1265320448.0
2589,-1265324416.0
2590,-1265337344.0
2591,-1265348480.0
2592,-1265267456.0
2593,-1265370752.0
2594,-1265296896.0
2595,-1265382400.0
2596,-1265296768.0
2597,-1265237376.0
2598,-1265268992.0
2599,-1265281664.0
2600,-1265238400.0
2601,-1265256960.0
2602,-1265168768.0
2603,-1265275264.0
2604,-1265295616.0
2605,-1265233536.0
2606,-1265185664.0
2607,-1265284992.0
2608,-1265341696.0
2609,-1265286784.0
2610,-1265352320.0
2611,-1265230336.0
2612,-1265237504.0
2613,-1265236224.0
2614,-1265375744.0
2615,-1265296896.0
2616,-1265231232.0
2617,-1265184896.0
2618,-1265245440.0
2619,-1265184000.0
2620,-1265252480.0
2621,-1265115520.0
2622,-1265093248.0
2623,-1265252608.0
2624,-1265299072.0
2625,-1265230336.0
2626,-1265294848.0
2627,-1265157632.0
2628,-1265160192.0
2629,-1265162496.0
2630,-1265165184.0
2631,-1265175936.0
2632,-1265149184.0
2633,-1265231232.0
2634,-1265177728.0
2635,-1265277056.0
2636,-1265178880.0
2637,-1265217408.0
2638,-1265289344.0
2639,-1265204864.0
2640,-1265169152.0
2641,-1265199232.0
2642,-1265197056.0
2643,-1265210368.0
2644,-1265155584.0
2645,-1265125248.0
2646,-1265121920.0
2647,-1265108736.0
2648,-1265204736.0
2649,-1265082240.0
2650,-1265239424.0
2651,-1265240704.0
2652,-1265156736.0
2653,-1265081728.0
2654,-1265080704.0
2655,-1265093248.0
2656,-1265119488.0
2657,-1265109376.0
2658,-1265201664.0
2659,-1265096832.0
2660,-1265116800.0
2661,-1265126528.0
2662,-1265149440.0
2663,-1265089536.0
2664,-1265041664.0
2665,-1265036672.0
2666,-1265139456.0
2667,-1265129344.0
2668,-1265099008.0
2669,-1265128192.0
2670,-1265139072.0
2671,-1265140224.0
2672,-1265055488.0
2673,-1265159424.0
2674,-1265057664.0
2675,-1265031808.0
2676,-1265052800.0
2677,-1265063936.0
2678,-1265061376.0
2679,-1265079040.0
2680,-1265080448.0
2681,-1264942336.0
2682,-1265171712.0
2683,-1265041664.0
2684,-1265085184.0
2685,-1265046016.0
2686,-1265040128.0
2687,-1265074944.0
2688,-1265061632.0
2689,-1265026688.0
2690,-1265011328.0
2691,-1265003904.0
2692,-1265041536.0
2693,-1265042944.0
2694,-1264965376.0
2695,-1265088512.0
2696,-1265038720.0
2697,-1265009920.0
2698,-1264994688.0
2699,-1264991360.0
2700,-1264989056.0
2701,-1265043200.0
2702,-1264985856.0
2703,-1264950400.0
2704,-1264980992.0
2705,-1265035648.0
2706,-1264978304.0
2707,-1264940672.0
2708,-1265005440.0
2709,-1264992640.0
2710,-1264977280.0
2711,-1264974080.0
2712,-1265049216.0
2713,-1264960768.0
2714,-1265013120.0
2715,-1265002240.0
2716,-1264981888.0
2717,-1264947840.0
2718,-1264970112.0
2719,-1265059072.0
2720,-1264963072.0
2721,-1264908416.0
2722,-1264934400.0
2723,-1264941696.0
2724,-1264936960.0
2725,-1264963072.0
2726,-1264889216.0
2727,-1264935808.0
2728,-1264973312.0
2729,-1264896384.0
2730,-1264988928.0
2731,-1264871936.0
2732,-1264903424.0
2733,-1264906880.0
2734,-1264895488.0
2735,-1264857088.0
2736,-1264902400.0
2737,-1264879616.0
2738,-1264915968.0
2739,-1265020544.0
2740,-1264889216.0
2741,-1264929792.0
2742,-1264901760.0
2743,-1264952960.0
2744,-1264934656.0
2745,-1264922752.0
2746,-1264938240.0
2747,-1264888704.0
2748,-1264925056.0
2749,-1264953216.0
2750,-1264867328.0
2751,-1264887680.0
2752,-1264937472.0
2753,-1264947712.0
2754,-1264912000.0
2755,-1264924800.0
2756,-1264885760.0
2757,-1264883200.0
2758,-1264870272.0
2759,-1264860800.0
2760,-1264917376.0
2761,-1264945792.0
2762,-1264934016.0
2763,-1264854912.0
2764,-1264871680.0
2765,-1264888064.0
2766,-1264838784.0
2767,-1264805888.0
2768,-1264847616.0
2769,-1264814208.0
2770,-1264865408.0
2771,-1264899712.0
2772,-1264872448.0
2773,-1264866560.0
2774,-1264811136.0
2775,-1264901120.0
2776,-1264806144.0
2777,-1264799744.0
2778,-1264803072.0
2779,-1264806528.0
2780,-1264769024.0
2781,-1264882688.0
2782,-1264847616.0
2783,-1264839552.0
2784,-1264817024.0
2785,-1264870272.0
2786,-1264865152.0
2787,-1264945920.0
2788,-1264831488.0
2789,-1264808192.0
2790,-1264910848.0
2791,-1264807040.0
2792,-1264784384.0
2793,-1264867712.0
2794,-1264847488.0
2795,-1264865536.0
2796,-1264814336.0
2797,-1264857344.0
2798,-1264776192.0
2799,-1264805888.0
2800,-1264837376.0
2801,-1264766976.0
2802,-1264816128.0
2803,-1264888064.0
2804,-1264724480.0
2805,-1264788480.0
2806,-1264812800.0
2807,-1264824576.0
2808,-1264837120.0
2809,-1264797056.0
2810,-1264749184.0
2811,-1264778112.0
2812,-1264779264.0
2813,-1264801920.0
2814,-1264811904.0
2815,-1264779136.0
2816,-1264782976.0
2817,-1264782592.0
2818,-1264756352.0
2819,-1264818816.0
2820,-1264758656.0
2821,-1264758400.0
2822,-1264730496.0
2823,-1264731648.0
2824,-1264714880.0
2825,-1264806272.0
2826,-1264744448.0
2827,-1264784640.0
2828,-1264775296.0
2829,-1264712064.0
2830,-1264795520.0
2831,-1264739712.0
2832,-1264700800.0
2833,-1264728448.0
2834,-1264747776.0
2835,-1264752512.0
2836,-1264732160.0
2837,-1264818816.0
2838,-1264752640.0
2839,-1264724864.0
2840,-1264716288.0
2841,-1264733056.0
2842,-1264778496.0
2843,-1264716032.0
2844,-1264696576.0
2845,-1264761600.0
2846,-1264709376.0
2847,-1264803840.0
2848,-1264819968.0
2849,-1264712960.0
2850,-1264713856.0
2851,-1264694784.0
2852,-1264805120.0
2853,-1264711296.0
2854,-1264802176.0
2855,-1264725248.0
2856,-1264741504.0
2857,-1264718208.0
2858,-1264683136.0
2859,-1264757376.0
2860,-1264707456.0
2861,-1264663296.0
2862,-1264728960.0
2863,-1264632960.0
2864,-1264696320.0
2865,-1264764288.0
2866,-1264736640.0
2867,-1264738432.0
2868,-1264726400.0
2869,-1264706304.0
2870,-1264740352.0
2871,-1264658944.0
2872,-1264690816.0
2873,-1264728960.0
2874,-1264725376.0
2875,-1264656000.0
2876,-1264733056.0
2877,-1264631680.0
2878,-1264744960.0
2879,-1264659968.0
2880,-1264679424.0
2881,-1264721664.0
2882,-1264668160.0
2883,-1264743936.0
2884,-1264713728.0
2885,-1264622464.0
2886,-1264754688.0
2887,-1264725376.0
2888,-1264722304.0
2889,-1264624512.0
2890,-1264634880.0
2891,-1264668160.0
2892,-1264683520.0
2893,-1264666240.0
2894,-1264670208.0
2895,-1264641408.0
2896,-1264660608.0
2897,-1264707968.0
2898,-1264704512.0
2899,-1264707584.0
2900,-1264676352.0
2901,-1264691584.0
2902,-1264634240.0
2903,-1264665728.0
2904,-1264631296.0
2905,-1264653952.0
2906,-1264676352.0
2907,-1264704512.0
2908,-1264655232.0
2909,-1264747776.0
2910,-1264599296.0
2911,-1264664064.0
2912,-1264628736.0
2913,-1264655104.0
2914,-1264660992.0
2915,-1264677632.0
2916,-1264678144.0
2917,-1264675328.0
2918,-1264620800.0
2919,-1264638208.0
2920,-1264612992.0
2921,-1264624384.0
2922,-1264645248.0
2923,-1264698240.0
2924,-1264667776.0
2925,-1264694016.0
2926,-1264633472.0
2927,-1264563072.0
2928,-1264717056.0
2929,-1264644608.0
2930,-1264613888.0
2931,-1264621440.0
2932,-1264621056.0
2933,-1264603264.0
2934,-1264604416.0
2935,-1264614528.0
2936,-1264622336.0
2937,-1264622848.0
2938,-1264628608.0
2939,-1264605184.0
2940,-1264628224.0
2941,-1264680832.0
2942,-1264635392.0
2943,-1264584832.0
2944,-1264604800.0
2945,-1264648064.0
2946,-1264589568.0
2947,-1264646400.0
2948,-1264620032.0
2949,-1264648704.0
2950,-1264665088.0
2951,-1264637440.0
2952,-1264665856.0
2953,-1264593152.0
2954,-1264572416.0
2955,-1264584704.0
2956,-1264639232.0
2957,-1264608384.0
2958,-1264554880.0
2959,-1264595840.0
2960,-1264626048.0
2961,-1264607232.0
2962,-1264583808.0
2963,-1264650880.0
2964,-1264617728.0
2965,-1264562176.0
2966,-1264632320.0
2967,-1264546688.0
2968,-1264534016.0
2969,-1264611840.0
2970,-1264579072.0
2971,-1264624768.0
2972,-1264566912.0
2973,-1264561152.0
2974,-1264638592.0
2975,-1264616320.0
2976,-1264554240.0
2977,-1264628352.0
2978,-1264540416.0
2979,-1264561024.0
2980,-1264586112.0
2981,-1264600832.0
2982,-1264647168.0
2983,-1264575616.0
2984,-1264617344.0
2985,-1264651008.0
2986,-1264592256.0
2987,-1264588800.0
2988,-1264583680.0
2989,-1264619136.0
2990,-1264602496.0
2991,-1264598656.0
2992,-1264545920.0
2993,-1264530944.0
2994,-1264525824.0
2995,-1264601856.0
2996,-1264584960.0
2997,-1264601600.0
2998,-1264609664.0
2999,-1264533888.0
3000,-1264516224.0
